{
  "_format": "hh-sol-cache-2",
  "files": {
    "C:\\Users\\shubh\\end-address-book\\contracts\\ENSAddressBook.sol": {
      "lastModificationDate": 1731356851380,
      "contentHash": "f094d4388dda0118230c65ce34203951",
      "sourceName": "contracts/ENSAddressBook.sol",
      "solcConfig": {
        "version": "0.8.27",
        "settings": {
          "optimizer": {
            "enabled": true,
            "runs": 200
          },
          "evmVersion": "paris",
          "outputSelection": {
            "*": {
              "*": [
                "abi",
                "evm.bytecode",
                "evm.deployedBytecode",
                "evm.methodIdentifiers",
                "metadata"
              ],
              "": [
                "ast"
              ]
            }
          }
        }
      },
      "imports": [
        "@openzeppelin/contracts/access/Ownable.sol",
        "@ensdomains/ens-contracts/contracts/registry/ENS.sol",
        "@ensdomains/ens-contracts/contracts/resolvers/Resolver.sol"
      ],
      "versionPragmas": [
        "^0.8.27"
      ],
      "artifacts": [
        "ENSAddressBook"
      ]
    },
    "C:\\Users\\shubh\\end-address-book\\contracts\\ENSNamehash.sol": {
      "lastModificationDate": 1731318341326,
      "contentHash": "8b1868e70357be9a34bbc910b7ecb829",
      "sourceName": "contracts/ENSNamehash.sol",
      "solcConfig": {
        "version": "0.8.27",
        "settings": {
          "optimizer": {
            "enabled": true,
            "runs": 200
          },
          "evmVersion": "paris",
          "outputSelection": {
            "*": {
              "*": [
                "abi",
                "evm.bytecode",
                "evm.deployedBytecode",
                "evm.methodIdentifiers",
                "metadata"
              ],
              "": [
                "ast"
              ]
            }
          }
        }
      },
      "imports": [],
      "versionPragmas": [
        "^0.8.27"
      ],
      "artifacts": [
        "ENSNamehash"
      ]
    },
    "C:\\Users\\shubh\\end-address-book\\node_modules\\@openzeppelin\\contracts\\access\\Ownable.sol": {
      "lastModificationDate": 1731319256992,
      "contentHash": "d3c790edc9ccf808a17c5a6cd13614fd",
      "sourceName": "@openzeppelin/contracts/access/Ownable.sol",
      "solcConfig": {
        "version": "0.8.27",
        "settings": {
          "optimizer": {
            "enabled": true,
            "runs": 200
          },
          "evmVersion": "paris",
          "outputSelection": {
            "*": {
              "*": [
                "abi",
                "evm.bytecode",
                "evm.deployedBytecode",
                "evm.methodIdentifiers",
                "metadata"
              ],
              "": [
                "ast"
              ]
            }
          }
        }
      },
      "imports": [
        "../utils/Context.sol"
      ],
      "versionPragmas": [
        "^0.8.20"
      ],
      "artifacts": [
        "Ownable"
      ]
    },
    "C:\\Users\\shubh\\end-address-book\\node_modules\\@openzeppelin\\contracts\\utils\\ReentrancyGuard.sol": {
      "lastModificationDate": 1731319257002,
      "contentHash": "a92331adac11b453a4de0323fc948119",
      "sourceName": "@openzeppelin/contracts/utils/ReentrancyGuard.sol",
      "solcConfig": {
        "version": "0.8.27",
        "settings": {
          "optimizer": {
            "enabled": true,
            "runs": 200
          },
          "evmVersion": "paris",
          "outputSelection": {
            "*": {
              "*": [
                "abi",
                "evm.bytecode",
                "evm.deployedBytecode",
                "evm.methodIdentifiers",
                "metadata"
              ],
              "": [
                "ast"
              ]
            }
          }
        }
      },
      "imports": [],
      "versionPragmas": [
        "^0.8.20"
      ],
      "artifacts": [
        "ReentrancyGuard"
      ]
    },
    "C:\\Users\\shubh\\end-address-book\\node_modules\\@openzeppelin\\contracts\\utils\\Pausable.sol": {
      "lastModificationDate": 1731319256997,
      "contentHash": "24e52f6ef3868e6fca664a423140bee9",
      "sourceName": "@openzeppelin/contracts/utils/Pausable.sol",
      "solcConfig": {
        "version": "0.8.27",
        "settings": {
          "optimizer": {
            "enabled": true,
            "runs": 200
          },
          "evmVersion": "paris",
          "outputSelection": {
            "*": {
              "*": [
                "abi",
                "evm.bytecode",
                "evm.deployedBytecode",
                "evm.methodIdentifiers",
                "metadata"
              ],
              "": [
                "ast"
              ]
            }
          }
        }
      },
      "imports": [
        "../utils/Context.sol"
      ],
      "versionPragmas": [
        "^0.8.20"
      ],
      "artifacts": [
        "Pausable"
      ]
    },
    "C:\\Users\\shubh\\end-address-book\\node_modules\\@ensdomains\\ens-contracts\\contracts\\registry\\ENS.sol": {
      "lastModificationDate": 1730468258114,
      "contentHash": "34190b5402ca5d874183275e7eae4761",
      "sourceName": "@ensdomains/ens-contracts/contracts/registry/ENS.sol",
      "solcConfig": {
        "version": "0.8.27",
        "settings": {
          "optimizer": {
            "enabled": true,
            "runs": 200
          },
          "evmVersion": "paris",
          "outputSelection": {
            "*": {
              "*": [
                "abi",
                "evm.bytecode",
                "evm.deployedBytecode",
                "evm.methodIdentifiers",
                "metadata"
              ],
              "": [
                "ast"
              ]
            }
          }
        }
      },
      "imports": [],
      "versionPragmas": [
        ">=0.8.4"
      ],
      "artifacts": [
        "ENS"
      ]
    },
    "C:\\Users\\shubh\\end-address-book\\node_modules\\@ensdomains\\ens-contracts\\contracts\\resolvers\\Resolver.sol": {
      "lastModificationDate": 1730468258225,
      "contentHash": "5714c29b34e7081d6ccd966e7e885a1b",
      "sourceName": "@ensdomains/ens-contracts/contracts/resolvers/Resolver.sol",
      "solcConfig": {
        "version": "0.8.27",
        "settings": {
          "optimizer": {
            "enabled": true,
            "runs": 200
          },
          "evmVersion": "paris",
          "outputSelection": {
            "*": {
              "*": [
                "abi",
                "evm.bytecode",
                "evm.deployedBytecode",
                "evm.methodIdentifiers",
                "metadata"
              ],
              "": [
                "ast"
              ]
            }
          }
        }
      },
      "imports": [
        "@openzeppelin/contracts/utils/introspection/IERC165.sol",
        "./profiles/IABIResolver.sol",
        "./profiles/IAddressResolver.sol",
        "./profiles/IAddrResolver.sol",
        "./profiles/IContentHashResolver.sol",
        "./profiles/IDNSRecordResolver.sol",
        "./profiles/IDNSZoneResolver.sol",
        "./profiles/IInterfaceResolver.sol",
        "./profiles/INameResolver.sol",
        "./profiles/IPubkeyResolver.sol",
        "./profiles/ITextResolver.sol",
        "./profiles/IExtendedResolver.sol"
      ],
      "versionPragmas": [
        ">=0.8.4"
      ],
      "artifacts": [
        "Resolver"
      ]
    },
    "C:\\Users\\shubh\\end-address-book\\node_modules\\@openzeppelin\\contracts\\utils\\Context.sol": {
      "lastModificationDate": 1731319256684,
      "contentHash": "67bfbc07588eb8683b3fd8f6f909563e",
      "sourceName": "@openzeppelin/contracts/utils/Context.sol",
      "solcConfig": {
        "version": "0.8.27",
        "settings": {
          "optimizer": {
            "enabled": true,
            "runs": 200
          },
          "evmVersion": "paris",
          "outputSelection": {
            "*": {
              "*": [
                "abi",
                "evm.bytecode",
                "evm.deployedBytecode",
                "evm.methodIdentifiers",
                "metadata"
              ],
              "": [
                "ast"
              ]
            }
          }
        }
      },
      "imports": [],
      "versionPragmas": [
        "^0.8.20"
      ],
      "artifacts": [
        "Context"
      ]
    },
    "C:\\Users\\shubh\\end-address-book\\node_modules\\@openzeppelin\\contracts\\utils\\introspection\\IERC165.sol": {
      "lastModificationDate": 1731319256902,
      "contentHash": "de0163561b417b800d01749cbbe2147e",
      "sourceName": "@openzeppelin/contracts/utils/introspection/IERC165.sol",
      "solcConfig": {
        "version": "0.8.27",
        "settings": {
          "optimizer": {
            "enabled": true,
            "runs": 200
          },
          "evmVersion": "paris",
          "outputSelection": {
            "*": {
              "*": [
                "abi",
                "evm.bytecode",
                "evm.deployedBytecode",
                "evm.methodIdentifiers",
                "metadata"
              ],
              "": [
                "ast"
              ]
            }
          }
        }
      },
      "imports": [],
      "versionPragmas": [
        "^0.8.20"
      ],
      "artifacts": [
        "IERC165"
      ]
    },
    "C:\\Users\\shubh\\end-address-book\\node_modules\\@ensdomains\\ens-contracts\\contracts\\resolvers\\profiles\\IAddrResolver.sol": {
      "lastModificationDate": 1730468258132,
      "contentHash": "3f1fad68ada48982f35ef7af2e8a245b",
      "sourceName": "@ensdomains/ens-contracts/contracts/resolvers/profiles/IAddrResolver.sol",
      "solcConfig": {
        "version": "0.8.27",
        "settings": {
          "optimizer": {
            "enabled": true,
            "runs": 200
          },
          "evmVersion": "paris",
          "outputSelection": {
            "*": {
              "*": [
                "abi",
                "evm.bytecode",
                "evm.deployedBytecode",
                "evm.methodIdentifiers",
                "metadata"
              ],
              "": [
                "ast"
              ]
            }
          }
        }
      },
      "imports": [],
      "versionPragmas": [
        ">=0.8.4"
      ],
      "artifacts": [
        "IAddrResolver"
      ]
    },
    "C:\\Users\\shubh\\end-address-book\\node_modules\\@ensdomains\\ens-contracts\\contracts\\resolvers\\profiles\\IABIResolver.sol": {
      "lastModificationDate": 1730468258132,
      "contentHash": "8aafef3ad6058617f5b719861e406a4d",
      "sourceName": "@ensdomains/ens-contracts/contracts/resolvers/profiles/IABIResolver.sol",
      "solcConfig": {
        "version": "0.8.27",
        "settings": {
          "optimizer": {
            "enabled": true,
            "runs": 200
          },
          "evmVersion": "paris",
          "outputSelection": {
            "*": {
              "*": [
                "abi",
                "evm.bytecode",
                "evm.deployedBytecode",
                "evm.methodIdentifiers",
                "metadata"
              ],
              "": [
                "ast"
              ]
            }
          }
        }
      },
      "imports": [],
      "versionPragmas": [
        ">=0.8.4"
      ],
      "artifacts": [
        "IABIResolver"
      ]
    },
    "C:\\Users\\shubh\\end-address-book\\node_modules\\@ensdomains\\ens-contracts\\contracts\\resolvers\\profiles\\INameResolver.sol": {
      "lastModificationDate": 1730468258165,
      "contentHash": "3765ef37775da4202d0bc972a5e3a626",
      "sourceName": "@ensdomains/ens-contracts/contracts/resolvers/profiles/INameResolver.sol",
      "solcConfig": {
        "version": "0.8.27",
        "settings": {
          "optimizer": {
            "enabled": true,
            "runs": 200
          },
          "evmVersion": "paris",
          "outputSelection": {
            "*": {
              "*": [
                "abi",
                "evm.bytecode",
                "evm.deployedBytecode",
                "evm.methodIdentifiers",
                "metadata"
              ],
              "": [
                "ast"
              ]
            }
          }
        }
      },
      "imports": [],
      "versionPragmas": [
        ">=0.8.4"
      ],
      "artifacts": [
        "INameResolver"
      ]
    },
    "C:\\Users\\shubh\\end-address-book\\node_modules\\@ensdomains\\ens-contracts\\contracts\\resolvers\\profiles\\IDNSRecordResolver.sol": {
      "lastModificationDate": 1730468258146,
      "contentHash": "c61d99362d86e11c143e9035d895a1da",
      "sourceName": "@ensdomains/ens-contracts/contracts/resolvers/profiles/IDNSRecordResolver.sol",
      "solcConfig": {
        "version": "0.8.27",
        "settings": {
          "optimizer": {
            "enabled": true,
            "runs": 200
          },
          "evmVersion": "paris",
          "outputSelection": {
            "*": {
              "*": [
                "abi",
                "evm.bytecode",
                "evm.deployedBytecode",
                "evm.methodIdentifiers",
                "metadata"
              ],
              "": [
                "ast"
              ]
            }
          }
        }
      },
      "imports": [],
      "versionPragmas": [
        ">=0.8.4"
      ],
      "artifacts": [
        "IDNSRecordResolver"
      ]
    },
    "C:\\Users\\shubh\\end-address-book\\node_modules\\@ensdomains\\ens-contracts\\contracts\\resolvers\\profiles\\IAddressResolver.sol": {
      "lastModificationDate": 1730468258132,
      "contentHash": "6f8242d10df510af914b58122a33d176",
      "sourceName": "@ensdomains/ens-contracts/contracts/resolvers/profiles/IAddressResolver.sol",
      "solcConfig": {
        "version": "0.8.27",
        "settings": {
          "optimizer": {
            "enabled": true,
            "runs": 200
          },
          "evmVersion": "paris",
          "outputSelection": {
            "*": {
              "*": [
                "abi",
                "evm.bytecode",
                "evm.deployedBytecode",
                "evm.methodIdentifiers",
                "metadata"
              ],
              "": [
                "ast"
              ]
            }
          }
        }
      },
      "imports": [],
      "versionPragmas": [
        ">=0.8.4"
      ],
      "artifacts": [
        "IAddressResolver"
      ]
    },
    "C:\\Users\\shubh\\end-address-book\\node_modules\\@ensdomains\\ens-contracts\\contracts\\resolvers\\profiles\\IContentHashResolver.sol": {
      "lastModificationDate": 1730468258142,
      "contentHash": "f9e7dc8b82306ecd1504ba9b10716631",
      "sourceName": "@ensdomains/ens-contracts/contracts/resolvers/profiles/IContentHashResolver.sol",
      "solcConfig": {
        "version": "0.8.27",
        "settings": {
          "optimizer": {
            "enabled": true,
            "runs": 200
          },
          "evmVersion": "paris",
          "outputSelection": {
            "*": {
              "*": [
                "abi",
                "evm.bytecode",
                "evm.deployedBytecode",
                "evm.methodIdentifiers",
                "metadata"
              ],
              "": [
                "ast"
              ]
            }
          }
        }
      },
      "imports": [],
      "versionPragmas": [
        ">=0.8.4"
      ],
      "artifacts": [
        "IContentHashResolver"
      ]
    },
    "C:\\Users\\shubh\\end-address-book\\node_modules\\@ensdomains\\ens-contracts\\contracts\\resolvers\\profiles\\IDNSZoneResolver.sol": {
      "lastModificationDate": 1730468258151,
      "contentHash": "4e7595256b231fed30f6c9945f1efa45",
      "sourceName": "@ensdomains/ens-contracts/contracts/resolvers/profiles/IDNSZoneResolver.sol",
      "solcConfig": {
        "version": "0.8.27",
        "settings": {
          "optimizer": {
            "enabled": true,
            "runs": 200
          },
          "evmVersion": "paris",
          "outputSelection": {
            "*": {
              "*": [
                "abi",
                "evm.bytecode",
                "evm.deployedBytecode",
                "evm.methodIdentifiers",
                "metadata"
              ],
              "": [
                "ast"
              ]
            }
          }
        }
      },
      "imports": [],
      "versionPragmas": [
        ">=0.8.4"
      ],
      "artifacts": [
        "IDNSZoneResolver"
      ]
    },
    "C:\\Users\\shubh\\end-address-book\\node_modules\\@ensdomains\\ens-contracts\\contracts\\resolvers\\profiles\\IPubkeyResolver.sol": {
      "lastModificationDate": 1730468258174,
      "contentHash": "51e1427b16cc36011b47d224dd7a9292",
      "sourceName": "@ensdomains/ens-contracts/contracts/resolvers/profiles/IPubkeyResolver.sol",
      "solcConfig": {
        "version": "0.8.27",
        "settings": {
          "optimizer": {
            "enabled": true,
            "runs": 200
          },
          "evmVersion": "paris",
          "outputSelection": {
            "*": {
              "*": [
                "abi",
                "evm.bytecode",
                "evm.deployedBytecode",
                "evm.methodIdentifiers",
                "metadata"
              ],
              "": [
                "ast"
              ]
            }
          }
        }
      },
      "imports": [],
      "versionPragmas": [
        ">=0.8.4"
      ],
      "artifacts": [
        "IPubkeyResolver"
      ]
    },
    "C:\\Users\\shubh\\end-address-book\\node_modules\\@ensdomains\\ens-contracts\\contracts\\resolvers\\profiles\\IInterfaceResolver.sol": {
      "lastModificationDate": 1730468258156,
      "contentHash": "a7500941f527de797e9d353be520ef1c",
      "sourceName": "@ensdomains/ens-contracts/contracts/resolvers/profiles/IInterfaceResolver.sol",
      "solcConfig": {
        "version": "0.8.27",
        "settings": {
          "optimizer": {
            "enabled": true,
            "runs": 200
          },
          "evmVersion": "paris",
          "outputSelection": {
            "*": {
              "*": [
                "abi",
                "evm.bytecode",
                "evm.deployedBytecode",
                "evm.methodIdentifiers",
                "metadata"
              ],
              "": [
                "ast"
              ]
            }
          }
        }
      },
      "imports": [],
      "versionPragmas": [
        ">=0.8.4"
      ],
      "artifacts": [
        "IInterfaceResolver"
      ]
    },
    "C:\\Users\\shubh\\end-address-book\\node_modules\\@ensdomains\\ens-contracts\\contracts\\resolvers\\profiles\\IExtendedResolver.sol": {
      "lastModificationDate": 1730468258156,
      "contentHash": "5fb946efa195615f0fbe2746a4e76ff6",
      "sourceName": "@ensdomains/ens-contracts/contracts/resolvers/profiles/IExtendedResolver.sol",
      "solcConfig": {
        "version": "0.8.27",
        "settings": {
          "optimizer": {
            "enabled": true,
            "runs": 200
          },
          "evmVersion": "paris",
          "outputSelection": {
            "*": {
              "*": [
                "abi",
                "evm.bytecode",
                "evm.deployedBytecode",
                "evm.methodIdentifiers",
                "metadata"
              ],
              "": [
                "ast"
              ]
            }
          }
        }
      },
      "imports": [],
      "versionPragmas": [
        "^0.8.4"
      ],
      "artifacts": [
        "IExtendedResolver"
      ]
    },
    "C:\\Users\\shubh\\end-address-book\\node_modules\\@ensdomains\\ens-contracts\\contracts\\resolvers\\profiles\\ITextResolver.sol": {
      "lastModificationDate": 1730468258180,
      "contentHash": "db2783ebbe0ddc0a8f69fd69795099c3",
      "sourceName": "@ensdomains/ens-contracts/contracts/resolvers/profiles/ITextResolver.sol",
      "solcConfig": {
        "version": "0.8.27",
        "settings": {
          "optimizer": {
            "enabled": true,
            "runs": 200
          },
          "evmVersion": "paris",
          "outputSelection": {
            "*": {
              "*": [
                "abi",
                "evm.bytecode",
                "evm.deployedBytecode",
                "evm.methodIdentifiers",
                "metadata"
              ],
              "": [
                "ast"
              ]
            }
          }
        }
      },
      "imports": [],
      "versionPragmas": [
        ">=0.8.4"
      ],
      "artifacts": [
        "ITextResolver"
      ]
    },
    "C:\\Users\\shubh\\end-address-book\\contracts\\ReentrancyAttacker.sol": {
      "lastModificationDate": 1731320124256,
      "contentHash": "d12bc766f89cdf4f468d35bda7cb3ad5",
      "sourceName": "contracts/ReentrancyAttacker.sol",
      "solcConfig": {
        "version": "0.8.27",
        "settings": {
          "optimizer": {
            "enabled": true,
            "runs": 200
          },
          "evmVersion": "paris",
          "outputSelection": {
            "*": {
              "*": [
                "abi",
                "evm.bytecode",
                "evm.deployedBytecode",
                "evm.methodIdentifiers",
                "metadata"
              ],
              "": [
                "ast"
              ]
            }
          }
        }
      },
      "imports": [
        "./ENSAddressBook.sol"
      ],
      "versionPragmas": [
        "^0.8.27"
      ],
      "artifacts": [
        "ReentrancyAttacker"
      ]
    },
    "C:\\Users\\shubh\\end-address-book\\contracts\\mocks\\MockENS.sol": {
      "lastModificationDate": 1731321270260,
      "contentHash": "438692e15f6e0cbc37859090003aa454",
      "sourceName": "contracts/mocks/MockENS.sol",
      "solcConfig": {
        "version": "0.8.27",
        "settings": {
          "optimizer": {
            "enabled": true,
            "runs": 200
          },
          "evmVersion": "paris",
          "outputSelection": {
            "*": {
              "*": [
                "abi",
                "evm.bytecode",
                "evm.deployedBytecode",
                "evm.methodIdentifiers",
                "metadata"
              ],
              "": [
                "ast"
              ]
            }
          }
        }
      },
      "imports": [],
      "versionPragmas": [
        "^0.8.27"
      ],
      "artifacts": [
        "MockENS"
      ]
    }
  }
}
